,J001,J002,J003,J004,J005,J006,J007,J008,J009
J001,1.0,0.8267456646628946,0.6830842245225837,0.8091712402899552,0.6927193044244556,0.6470588235294117,0.758613692866176,0.6845844599888158,0.6470588235294117
J002,0.8267456646628946,1.0,0.7353932722616338,0.8252794118075226,0.7615106655724179,0.6932715050688225,0.6910960533089454,0.7392128350707537,0.7009075662619704
J003,0.6830842245225837,0.7353932722616338,1.0,0.6862587221643621,0.6470588235294117,0.8178414665945157,0.689303573966468,0.797299504945277,0.8478005605217638
J004,0.8091712402899552,0.8252794118075226,0.6862587221643621,1.0,0.8288123269693315,0.7140768197350236,0.769219210772357,0.6879526534273637,0.6470588235294117
J005,0.6927193044244556,0.7615106655724179,0.6470588235294117,0.8288123269693315,1.0,0.7822417168868451,0.6470588235294117,0.6470588235294117,0.6470588235294117
J006,0.6470588235294117,0.6932715050688225,0.8178414665945157,0.7140768197350236,0.7822417168868451,1.0,0.6470588235294117,0.7512430992787961,0.8483161340357714
J007,0.758613692866176,0.6910960533089454,0.689303573966468,0.769219210772357,0.6470588235294117,0.6470588235294117,1.0,0.8741469569793477,0.7310748600761848
J008,0.6845844599888158,0.7392128350707537,0.797299504945277,0.6879526534273637,0.6470588235294117,0.7512430992787961,0.8741469569793477,1.0,0.8569085194355466
J009,0.6470588235294117,0.7009075662619704,0.8478005605217638,0.6470588235294117,0.6470588235294117,0.8483161340357714,0.7310748600761848,0.8569085194355466,1.0
